System,σ_MS,σ_SM,Metabolite,Coexistence,Reference
Model (baseline),1.5,0.5,Generic,Stable,This work
"Shou et al. 2007
Yeast syntrophy",~1.8 ± 0.3,~0.4 ± 0.1,Adenine/Lysine,Stable,Shou et al. PNAS 2007
"Harcombe et al. 2014
E. coli glucose-acetate",~1.4 ± 0.2,~0.6 ± 0.15,Acetate,Stable,Harcombe et al. PLoS Biol 2014
"Wintermute & Silver 2010
E. coli auxotrophs",~2.1 ± 0.4,~0.3 ± 0.1,Amino acids,Stable,Wintermute & Silver Nature 2010
"Pande et al. 2014
E. coli amino acid exchange",~1.6 ± 0.3,~0.5 ± 0.1,Leu/Met,Stable,Pande et al. Evolution 2014
"Mee et al. 2014
Acetate cross-feeding",~1.3 ± 0.2,~0.7 ± 0.2,Acetate,Stable (fluctuating),Mee et al. Cell 2014
